{
   "results": [
      {
         "original_name": "The Flemish Bandits",
         "genre_ids": [
            18,
            9648,
            10759
         ],
         "name": "Thieves of the Wood",
         "popularity": 292.6,
         "origin_country": [
            "BE"
         ],
         "vote_count": 51,
         "first_air_date": "2020-01-02",
         "backdrop_path": "/9KimY8zgzv36HFtsHFsQMhOyH9f.jpg",
         "original_language": "nl",
         "id": 93533,
         "vote_average": 5.9,
         "overview": "Charismatic highwayman Jan de Lichte leads the oppressed and downtrodden in a revolt against the corrupt aristocracy of 18th-century Belgium.",
         "poster_path": "/jQNOzoiaIQWxJAx8OUighnvnhRA.jpg"
      },
      {
         "original_name": "Westworld",
         "genre_ids": [
            878,
            37
         ],
         "name": "Westworld",
         "popularity": 248.284,
         "origin_country": [
            "US"
         ],
         "vote_count": 2183,
         "first_air_date": "2016-10-02",
         "backdrop_path": "/yGNnjoIGOdQy3douq60tULY8teK.jpg",
         "original_language": "en",
         "id": 63247,
         "vote_average": 8.1,
         "overview": "A dark odyssey about the dawn of artificial consciousness and the evolution of sin. Set at the intersection of the near future and the reimagined past, it explores a world in which every human appetite, no matter how noble or depraved, can be indulged.",
         "poster_path": "/y55oBgf6bVMI7sFNXwJDrSIxPQt.jpg"
      },
      {
         "original_name": "The Walking Dead",
         "genre_ids": [
            18,
            10759,
            10765
         ],
         "name": "The Walking Dead",
         "popularity": 147.178,
         "origin_country": [
            "US"
         ],
         "vote_count": 4750,
         "first_air_date": "2010-10-31",
         "backdrop_path": "/wXXaPMgrv96NkH8KD1TMdS2d7iq.jpg",
         "original_language": "en",
         "id": 1402,
         "vote_average": 7.4,
         "overview": "Sheriff's deputy Rick Grimes awakens from a coma to find a post-apocalyptic world dominated by flesh-eating zombies. He sets out to find his family and encounters many other survivors along the way.",
         "poster_path": "/5l10EjdgPxu8Gbl5Ww6SWkVQH6T.jpg"
      },
      {
         "original_name": "The Flash",
         "genre_ids": [
            18,
            10765
         ],
         "name": "The Flash",
         "popularity": 134.482,
         "origin_country": [
            "US"
         ],
         "vote_count": 3495,
         "first_air_date": "2014-10-07",
         "backdrop_path": "/6ZdQTBy20HzWudZthAV7NkZWfIb.jpg",
         "original_language": "en",
         "id": 60735,
         "vote_average": 6.9,
         "overview": "After a particle accelerator causes a freak storm, CSI Investigator Barry Allen is struck by lightning and falls into a coma. Months later he awakens with the power of super speed, granting him the ability to move through Central City like an unseen guardian angel. Though initially excited by his newfound powers, Barry is shocked to discover he is not the only 'meta-human' who was created in the wake of the accelerator explosion -- and not everyone is using their new powers for good. Barry partners with S.T.A.R. Labs and dedicates his life to protect the innocent. For now, only a few close friends and associates know that Barry is literally the fastest man alive, but it won't be long before the world learns what Barry Allen has become...The Flash.",
         "poster_path": "/wHa6KOJAoNTFLFtp7wguUJKSnju.jpg"
      },
      {
         "original_name": "Star Wars: The Clone Wars",
         "genre_ids": [
            16,
            10759,
            10765
         ],
         "name": "Star Wars: The Clone Wars",
         "popularity": 130.563,
         "origin_country": [
            "SG",
            "US"
         ],
         "vote_count": 323,
         "first_air_date": "2008-10-03",
         "backdrop_path": "/bcyK0lXgHxLIfuCfgbEJHKzKBHm.jpg",
         "original_language": "en",
         "id": 4194,
         "vote_average": 7.9,
         "overview": "Yoda, Obi-Wan Kenobi, Anakin Skywalker, Mace Windu and other Jedi Knights lead the Grand Army of the Republic against the droid army of the Separatists.",
         "poster_path": "/p6s2svEHHLsQ1TOw4Si54c1dD5L.jpg"
      },
      {
         "original_name": "Law & Order: Special Victims Unit",
         "genre_ids": [
            80,
            18
         ],
         "name": "Law & Order: Special Victims Unit",
         "popularity": 124.907,
         "origin_country": [
            "US"
         ],
         "vote_count": 831,
         "first_air_date": "1999-09-20",
         "backdrop_path": "/kOvt2BOOwSAQCT8yo3pM3X2GXjh.jpg",
         "original_language": "en",
         "id": 2734,
         "vote_average": 6.6,
         "overview": "In the criminal justice system, sexually-based offenses are considered especially heinous. In New York City, the dedicated detectives who investigate these vicious felonies are members of an elite squad known as the Special Victims Unit. These are their stories.",
         "poster_path": "/6t6r1VGQTTQecN4V0sZeqsmdU9g.jpg"
      },
      {
         "original_name": "Supernatural",
         "id": 1622,
         "name": "Supernatural",
         "popularity": 128.059,
         "vote_count": 2363,
         "vote_average": 7.5,
         "first_air_date": "2005-09-13",
         "poster_path": "/KoYWXbnYuS3b0GyQPkbuexlVK9.jpg",
         "genre_ids": [
            18,
            9648,
            10765
         ],
         "original_language": "en",
         "backdrop_path": "/o9OKe3M06QMLOzTl3l6GStYtnE9.jpg",
         "overview": "When they were boys, Sam and Dean Winchester lost their mother to a mysterious and demonic supernatural force. Subsequently, their father raised them to be soldiers. He taught them about the paranormal evil that lives in the dark corners and on the back roads of America ... and he taught them how to kill it. Now, the Winchester brothers crisscross the country in their '67 Chevy Impala, battling every kind of supernatural threat they encounter along the way. ",
         "origin_country": [
            "US"
         ]
      },
      {
         "original_name": "Rick and Morty",
         "genre_ids": [
            16,
            35,
            10765
         ],
         "name": "Rick and Morty",
         "popularity": 124.179,
         "origin_country": [
            "US"
         ],
         "vote_count": 1826,
         "first_air_date": "2013-12-02",
         "backdrop_path": "/mzzHr6g1yvZ05Mc7hNj3tUdy2bM.jpg",
         "original_language": "en",
         "id": 60625,
         "vote_average": 8.6,
         "overview": "Rick is a mentally-unbalanced but scientifically-gifted old man who has recently reconnected with his family. He spends most of his time involving his young grandson Morty in dangerous, outlandish adventures throughout space and alternate universes. Compounded with Morty's already unstable family life, these events cause Morty much distress at home and school.",
         "poster_path": "/qJdfO3ahgAMf2rcmhoqngjBBZW1.jpg"
      },
      {
         "original_name": "ドラゴンボール",
         "id": 12609,
         "name": "Dragon Ball",
         "popularity": 122.876,
         "vote_count": 476,
         "vote_average": 7.4,
         "first_air_date": "1986-02-26",
         "poster_path": "/3wx3EAMtqnbSLhGG8NrqXriCUIQ.jpg",
         "genre_ids": [
            35,
            10765,
            16,
            10759
         ],
         "original_language": "ja",
         "backdrop_path": "/iflq7ZJfso6WC7gk9l1tD3unWK.jpg",
         "overview": "Long ago in the mountains, a fighting master known as Gohan discovered a strange boy whom he named Goku. Gohan raised him and trained Goku in martial arts until he died. The young and very strong boy was on his own, but easily managed. Then one day, Goku met a teenage girl named Bulma, whose search for the mystical Dragon Balls brought her to Goku's home. Together, they set off to find all seven and to grant her wish.",
         "origin_country": [
            "JP"
         ]
      },
      {
         "original_name": "Élite",
         "genre_ids": [
            80,
            18,
            9648
         ],
         "name": "Elite",
         "popularity": 118.363,
         "origin_country": [],
         "vote_count": 1120,
         "first_air_date": "2018-10-05",
         "backdrop_path": "/1qOA3kMtQO8bjnW8M2smjA8tp10.jpg",
         "original_language": "es",
         "id": 76669,
         "vote_average": 8.6,
         "overview": "When three working class kids enroll in the most exclusive school in Spain, the clash between the wealthy and the poor students leads to tragedy.",
         "poster_path": "/3NTAbAiao4JLzFQw6YxP1YZppM8.jpg"
      },
      {
         "original_name": "Arrow",
         "genre_ids": [
            80,
            18,
            9648,
            10759
         ],
         "name": "Arrow",
         "popularity": 123.024,
         "origin_country": [
            "US"
         ],
         "vote_count": 3201,
         "first_air_date": "2012-10-10",
         "backdrop_path": "/dKxkwAJfGuznW8Hu0mhaDJtna0n.jpg",
         "original_language": "en",
         "id": 1412,
         "vote_average": 6,
         "overview": "Spoiled billionaire playboy Oliver Queen is missing and presumed dead when his yacht is lost at sea. He returns five years later a changed man, determined to clean up the city as a hooded vigilante armed with a bow.",
         "poster_path": "/gKG5QGz5Ngf8fgWpBsWtlg5L2SF.jpg"
      },
      {
         "original_name": "Toy Boy",
         "genre_ids": [
            80,
            18,
            9648
         ],
         "name": "Toy Boy",
         "popularity": 130.847,
         "origin_country": [
            "ES"
         ],
         "vote_count": 6,
         "first_air_date": "2019-09-07",
         "backdrop_path": "/6c7jtKFCjKF0x8uIJIbUfnvtisv.jpg",
         "original_language": "es",
         "id": 87763,
         "vote_average": 8.2,
         "overview": "A stripper sets out to prove his innocence for a crime he didn't commit and was unjustly incarcerated for seven years earlier.",
         "poster_path": "/6PICbFc9JyiiUwwZws7eB4EYNMm.jpg"
      },
      {
         "original_name": "The Simpsons",
         "id": 456,
         "name": "The Simpsons",
         "popularity": 104.331,
         "vote_count": 2498,
         "vote_average": 7.2,
         "first_air_date": "1989-12-17",
         "poster_path": "/qcr9bBY6MVeLzriKCmJOv1562uY.jpg",
         "genre_ids": [
            16,
            35
         ],
         "original_language": "en",
         "backdrop_path": "/mRYqoCJMmlbtrU6r7vMgzCVnSsX.jpg",
         "overview": "Set in Springfield, the average American town, the show focuses on the antics and everyday adventures of the Simpson family; Homer, Marge, Bart, Lisa and Maggie, as well as a virtual cast of thousands. Since the beginning, the series has been a pop culture icon, attracting hundreds of celebrities to guest star. The show has also made name for itself in its fearless satirical take on politics, media and American life in general.",
         "origin_country": [
            "US"
         ]
      },
      {
         "original_name": "Grey's Anatomy",
         "genre_ids": [
            18
         ],
         "name": "Grey's Anatomy",
         "popularity": 107.997,
         "origin_country": [
            "US"
         ],
         "vote_count": 1380,
         "first_air_date": "2005-03-27",
         "backdrop_path": "/edmk8xjGBsYVIf4QtLY9WMaMcXZ.jpg",
         "original_language": "en",
         "id": 1416,
         "vote_average": 6.8,
         "overview": "Follows the personal and professional lives of a group of doctors at Seattle’s Grey Sloan Memorial Hospital.",
         "poster_path": "/jnsvc7gCKocXnrTXF6p03cICTWb.jpg"
      },
      {
         "original_name": "Star Trek: Picard",
         "genre_ids": [
            10759,
            10765
         ],
         "name": "Star Trek: Picard",
         "popularity": 93.713,
         "origin_country": [
            "US"
         ],
         "vote_count": 261,
         "first_air_date": "2020-01-23",
         "backdrop_path": "/mK286PAkhgLJqk5cO0BCmFLkNE7.jpg",
         "original_language": "en",
         "id": 85949,
         "vote_average": 7.3,
         "overview": "Set twenty years after the events of Star Trek Nemesis, we follow the now-retired Admiral Picard into the next chapter of his life.",
         "poster_path": "/nIlAKIrLKxOeoEnc0Urb65yNCp.jpg"
      },
      {
         "original_name": "The Blacklist",
         "genre_ids": [
            80,
            18,
            9648
         ],
         "name": "The Blacklist",
         "popularity": 103.905,
         "origin_country": [
            "US"
         ],
         "vote_count": 1225,
         "first_air_date": "2013-09-23",
         "backdrop_path": "/fHwiAqIKragaCbNJo9Qs4lrccIN.jpg",
         "original_language": "en",
         "id": 46952,
         "vote_average": 7.1,
         "overview": "Raymond 'Red' Reddington, one of the FBI's most wanted fugitives, surrenders in person at FBI Headquarters in Washington, D.C. He claims that he and the FBI have the same interests: bringing down dangerous criminals and terrorists. In the last two decades, he's made a list of criminals and terrorists that matter the most but the FBI cannot find because it does not know they exist. Reddington calls this 'The Blacklist'. Reddington will co-operate, but insists that he will speak only to Elizabeth Keen, a rookie FBI profiler.",
         "poster_path": "/bgbQCW4fE9b6wSOSC6Fb4FfVzsW.jpg"
      },
      {
         "original_name": "Supergirl",
         "genre_ids": [
            28,
            12,
            18,
            878
         ],
         "name": "Supergirl",
         "popularity": 103.437,
         "origin_country": [
            "US"
         ],
         "vote_count": 1308,
         "first_air_date": "2015-10-26",
         "backdrop_path": "/3x1lVyxtsLKsZyR2E3qRe1EAXG4.jpg",
         "original_language": "en",
         "id": 62688,
         "vote_average": 6.3,
         "overview": "Twenty-four-year-old Kara Zor-El, who was taken in by the Danvers family when she was 13 after being sent away from Krypton, must learn to embrace her powers after previously hiding them. The Danvers teach her to be careful with her powers, until she has to reveal them during an unexpected disaster, setting her on her journey of heroism.",
         "poster_path": "/4ka8vAzAFUZFKxWyfGfwVcSXuZo.jpg"
      },
      {
         "original_name": "The Mandalorian",
         "genre_ids": [
            10759,
            10765
         ],
         "name": "The Mandalorian",
         "popularity": 133.626,
         "origin_country": [
            "US"
         ],
         "vote_count": 746,
         "first_air_date": "2019-11-12",
         "backdrop_path": "/o7qi2v4uWQ8bZ1tW3KI0Ztn2epk.jpg",
         "original_language": "en",
         "id": 82856,
         "vote_average": 8.2,
         "overview": "After the fall of the Galactic Empire, lawlessness has spread throughout the galaxy. A lone gunfighter makes his way through the outer reaches, earning his keep as a bounty hunter.",
         "poster_path": "/BbNvKCuEF4SRzFXR16aK6ISFtR.jpg"
      },
      {
         "original_name": "The Good Doctor",
         "genre_ids": [
            18
         ],
         "name": "The Good Doctor",
         "popularity": 78.428,
         "origin_country": [
            "US"
         ],
         "vote_count": 852,
         "first_air_date": "2017-09-25",
         "backdrop_path": "/mZjZgY6ObiKtVuKVDrnS9VnuNlE.jpg",
         "original_language": "en",
         "id": 71712,
         "vote_average": 8.1,
         "overview": "A young surgeon with Savant syndrome is recruited into the surgical unit of a prestigious hospital. The question will arise: can a person who doesn't have the ability to relate to people actually save their lives?",
         "poster_path": "/53P8oHo9cfOsgb1cLxBi4pFY0ja.jpg"
      },
      {
         "original_name": "Riverdale",
         "genre_ids": [
            18,
            9648
         ],
         "name": "Riverdale",
         "popularity": 74.708,
         "origin_country": [
            "US"
         ],
         "vote_count": 1150,
         "first_air_date": "2017-01-26",
         "backdrop_path": "/2IUpoKSP64r6rp2vBo0Fdk8a1UU.jpg",
         "original_language": "en",
         "id": 69050,
         "vote_average": 7.7,
         "overview": "Set in the present, the series offers a bold, subversive take on Archie, Betty, Veronica and their friends, exploring the surreality of small-town life, the darkness and weirdness bubbling beneath Riverdale’s wholesome facade.",
         "poster_path": "/4X7o1ssOEvp4BFLim1AZmPNcYbU.jpg"
      }
   ]
}